model,ability,std_dev
wizardlm-13b,1.310047,0.052747592
vicuna-13b,1.0298462,0.04432591
koala-13b,0.965847,0.05065348
alpaca-13b,-3.0895932,0.49781713
