rater,discriminability,bias
internlm,2.194878,-0.099602416
mistral,1.6513683,0.016842078
qwen,2.0839317,-0.2309269
